TestId,ESVId,sequence,Kingdom,Phylum,Class,Order,Family,Genus,Species,% match,# species,CY92PPTX.1,CVVU52A9.1,CSWEE3DX.1,CNTLVPX4.1,CNR7WZYJ.1,CDWD42KP.1,CA66THTZ.1,C4SUMTFY.1,4JKGTSJ5.1,
MiFishU,ESV_075708,CACCGCGGTCACACAAGAGACCCAAACTAACAGTAGCCGGCGTAAAGAGTGGTAATATGTTATCCAACCAAATTAAGACCCAAACACAGCTAAGCTGTCACAAGCCCAAGATGTTCCTAAAATCACCATAAAAATGGTCTTAACACCCACGATCAATTTCACCCCACGAAAGCTAAGGCA,PositiveControl,PositiveControl,PositiveControl,PositiveControl,PositiveControl,PositiveControl,PositiveControl,100,1,10055,17263,42451,7552,30931,17982,8347,25840,2381
MiFishU,ESV_001097,CACCGCGGTTATACGAGAGGCCCTAGTTGATTCACTCGGCGTAAAGAGTGGTTATGGAGAATAAAATACTAAAGCCGAAGACCCCTTAGGCCGTCATACGCACCTAGGGGCTCGAATTATAGACACGAAAGTAGCTTTACCCCTTCCCACCAGAACCCACGACAGCTGGGACA,Eukaryota,Chordata,Actinopteri,Clupeiformes,Clupeidae,Alosa,Alosa pseudoharengus,100,1,0,0,0,0,0,0,10465,0,36048
MiFishU,ESV_019458,CACCGCGGTTATACGAGAGGCCCAAGTTGATGAACATCGGCGTAAAGAGTGGTTAAGCTAAAATGAAACTAAAGCCGAACGCTTCCAAAGCTGTTATACGCATCCGGAAGTAAGAAGCCCAACCACGAAGGTGGCTTTATCTAACCTGAACCCACGAAAGCTACAGCA,Eukaryota,Chordata,Actinopteri,Perciformes,Gasterosteidae,Apeltes,Apeltes quadracus,100,1,0,0,0,0,0,13394,0,6986,25
MiFishU,ESV_001136,CACCGCGGTTAAACGAGAGGCCCTAGTTGATAGTACAACGGCGTAAAGGGTGGTTAAGGGTGAACAAAATAAAGCCGAATGGCCCTTTGGCTGTCATACGCTTCTAGGTGCCTGAAGCCCAACATACGAAAGTCGCTTTAAAGTAGCCTACCTGATCCCACGAAAACTGAGAAA,Eukaryota,Chordata,Actinopteri,Cypriniformes,Leuciscidae,Semotilus,Semotilus atromaculatus,100,1,3870,0,5825,8857,0,0,1135,0,0
MiFishU,ESV_009956,CACCGCGGTTATACGAGGGGCTCAAATTGATATTACACGGCGTAAAGCGTGATTAAAAAATAAACAAACTAAAGCCAAACACTTCCCAAGCTGTCATACGCTACCGGACAAAACGAAGCCCTATAACGAAAGTAGCTTTAACACCTTTGAACTCACGACAGTTGAGGAA,Eukaryota,Chordata,Actinopteri,Anguilliformes,Anguillidae,Anguilla,Anguilla rostrata,100,1,789,576,0,616,0,5934,2796,3727,3731
MiFishU,ESV_009957,CACCGCGGTTAAACGAGAGGCCCCAGTTAATAATACACGGCGTAAAGGGTGGTTAAGGAAAGCATGGTAATAAAGCCGAATGGCCCTTTGGCTGTCATACGCTTCTAGGTGTCCGAAGCCCAACATACGAAAGTAACTTTAGTAAAACCCACCTGACCCCACGAAAGCTGAGAAA,Eukaryota,Chordata,Actinopteri,Cypriniformes,Leuciscidae,Notemigonus,Notemigonus crysoleucas,100,1,632,12669,0,1142,0,966,399,2279,23
MiFishU,ESV_009969,CACCGCGGTTAAACGAGAGGCTCAAGTTGATAGCCTTCGGCGTAAAGAGTGGTTAAGGGGAAACTAAACTAGAGTCGAATTTTCTCATGGCTGTTATACGCACCCGAGAACATGAAGCCCAAGCACGAAAGTAACTTTAAATATCCTGACCCCACGAAAGCTGTGAAA,Eukaryota,Chordata,Actinopteri,Cyprinodontiformes,Fundulidae,Fundulus,Fundulus heteroclitus,100,1,0,0,0,0,0,15012,0,1811,1177
MiFishU,ESV_000148,CACCGCGGTTATACGAGGGGCTCAAGTTGACAACCCCCGGCGTAAAGAGTGGTTAAGGAAGACTAGATACTAAAGCCGAATGCTTTCAAAGCTGTTATACGCTCCCGAGAGTAAGAAGACCAATTACGAAAGTGGCTTTACAATCCCCTGACCCCACGAAAGCTATGGCA,Eukaryota,Chordata,Actinopteri,Centrarchiformes,Centrarchidae,Lepomis,Lepomis auritus,100,1,8629,0,0,3396,0,0,4972,0,138
MiFishU,ESV_009942,CACCGCGGTTATACGAGAGGCTCAAGTTGATAAACCCCGGCGTAAAGAGTGGTTAAGGAAGATTAAAAACTAAAGCCGAATGCTTTCAAAGCTGTTATACGCTTCCGAGAGTAAGAAGATCAACTACGAAAGTGACTTTATAGCCCCTGACCCCACGAAAGCTATGGCA,Eukaryota,Chordata,Actinopteri,Centrarchiformes,Centrarchidae,Lepomis,,100,3,0,7935,0,0,0,632,186,5288,0
MiFishU,ESV_000031,CACCGCGGTTATACGAGAGGCCCTAGTTGATAAGCACGGCGTAAAGGGTGGTTAAGGGAGTACATAAATAAAGCCGAAGGGCCCTCTGGCCGTTATACGCTTCTAGGCGCCCGAAGCCCAAACACGAAAGTAGCTTTAATTTAGCCCACCTGACCCCACGAAAACTGAGAAA,Eukaryota,Chordata,Actinopteri,Cypriniformes,Catostomidae,Catostomus,Catostomus commersonii,100,1,5596,0,0,344,0,0,3340,0,439
MiFishU,ESV_011673,CACCGCGGTTATACGAGAGGCCCAAGTTGATGAACATCGGCGTAAAGAGTGGTTAAGCTAAAATTAAAACTAAAGCCGAACGTCCCCAAAGCTGTTATACGCACCCGGGGGTAAGAAGTTCAACCACGAAGGTGGCTTTATTAAACCTGAACCCACGAAAGCTACGGCA,Eukaryota,Chordata,Actinopteri,Perciformes,Gasterosteidae,Pungitius,,100,4,1776,0,0,7019,0,0,449,0,0
MiFishU,ESV_011668,CACCGCGGTTAGACGAGAGGCCCAAGTTGATAGTACGCGGCGTAAAGGGTGGTTAAGGGTTGTAAACAATAAAGCCGAATGGCCCTTTGGCTGTTAAACGCTTCTGGGTGCCTGAAGCCCAACATACGAAAGTAGCTTTAAAATAGTTCACCTGACCCCACGAAAGCTGAGAAC,Eukaryota,Chordata,Actinopteri,Cypriniformes,Leuciscidae,Semotilus,Semotilus corporalis,100,1,319,0,0,0,0,0,8772,0,29
MiFishU,ESV_009974,CACCGCGGTTATACGAGAGGCCCTAGTTGATAAATACCGGCGTAAAGAGTGGTTACGAAAAAATGTTTAATAAAGCCGAACACCCCCTCAGCCGTCATACGCACCTGGAGGCACGAAGACCTACTGCGAAAGCAGCTTTAATTATACCCGAATCCACGACAGCTACGACA,Eukaryota,Chordata,Actinopteri,Salmoniformes,Salmonidae,Salvelinus,,100,3,538,0,0,5992,0,2028,0,0,0
MiFishU,ESV_007833,CACCGCGGTTATACGAGAGGCCCTAGTTGATTCACTCGGCGTAAAGAGTGGTTATGGAGAACTAAATACTAAAGCCGAAGACCCCTTAGGCCGTCATACGCACCTAGGGGTTCGAATTATATACACGAAAGTAGCTTTACCCTTTCCCACCAGAACCCACGACAGCCGGGACA,Eukaryota,Chordata,Actinopteri,Clupeiformes,Clupeidae,Brevoortia,,100,2,0,0,0,0,0,0,171,135,6841
MiFishU,ESV_023053,CACCGCGGTTATACGAGAGGCCCAAGTTGATGAACATCGGCGTAAAGAGTGGTTAAGCTAAAATTAAAACTAAAGCCGAACGTCCCCAAAGCTGTTATACGCACCCGGGGATAAGAAGTTCAACCACGAAGGTGGCTTTATTAAACCTGAACCCACGAAAGCTACGGCA,Eukaryota,Chordata,Actinopteri,Perciformes,Gasterosteidae,Pungitius,,100,2,497,0,0,5432,0,0,0,0,0
MiFishU,ESV_012605,CACCGCGGTTATACGAAAGACTCAAATTAATAAAAATCGGCTCAAAGGGTGGTTAAAGATATATACACAAATAGAACTAAAGACTAACTACGCTGTCGCACGCAATAGTTTTAAAAAATACAGTATCGAAAGTAGTTCTACTAAACAAACTTGAACCCACGACAGCTAGGACC,Eukaryota,Chordata,Amphibia,Caudata,Salamandridae,Notophthalmus,Notophthalmus viridescens,97.1,1,124,584,0,2328,0,0,0,0,0
MiFishU,ESV_015275,CACCGCGGTTAAACGAGAGGCTCAAGTTGATAGCCTTCGGCGTAAAGAGTGGTTAAGGGAAAACTAAACTAGAGTCGAATTTTCTCATGGCTGTTATACGCACCCGAGAACATGAAGCCCAAGCACGAAAGTAACTTTAAATATCCTGACCCCACGAAAGCTGTGAAA,Eukaryota,Chordata,Actinopteri,Cyprinodontiformes,Fundulidae,Fundulus,Fundulus heteroclitus,99.4,1,0,0,0,0,0,2880,0,0,0
MiFishU,ESV_009990,CACCGCGGTTAAACGAGAGGCCCTAGTTGATAGTACAACGGCGTAAAGGGTGGTTAAGGATAGTAAAACAATAAAGTCGAATGGCCCTTTGGCTGTCATACGCTTCTAGGAGTCCGAAGCCCAATATACGAAAGTAACTTTAACAAAGCCCACCTGACCCCACGAAAACTGAGAAA,Eukaryota,Chordata,Actinopteri,Cypriniformes,Leuciscidae,Luxilus,,100,2,1017,0,0,0,0,0,1781,0,0
MiFishU,ESV_000067,CACCGCGGTCATACAAGAGACCCAAATCAACTGTCCTACAAGCGGCGTAAAGAGTGGTAAGATGCCTATCCTACCTAACTAAGATCAAAATGCAACTAAGCTGTCGCAAGCACAAGATGCACCTAAACACACCATCAAGATGATCTTAGAAACTAGCGATTAATTTGAACCCACGAAAGCCAGGGCC,Eukaryota,Chordata,Aves,Anseriformes,Anatidae,,,100,4,0,12,0,0,0,919,0,1283,0
MiFishU,ESV_170281,CACCGCGGTTAAACGAGAGGCCCTAGTTAATGATACAACGGCGTAAAGGGTGGTTAAGGAAAGCAATATAATAAAGTCAAATGGCCCTTTGGCTGTCATACGCTTCTAGGTGTCCGAAGCCCAACATACGAAAGTAGCTTTAGAAAAGCCCACCTGATCCCACAAAAGCTGAGAAA,Eukaryota,Chordata,Actinopteri,Cypriniformes,Leuciscidae,Chrosomus,Chrosomus neogaeus,98.9,1,542,0,0,1330,0,0,131,0,0
MiFishU,ESV_009182,CACCGCGGTTAAACGGGAGGCTCAAGTTGATAGACATCGGCGTAAAGCGTGGTTAAGGGCCCAACTTTTATACTAAAGCCGAACGCTCTTAGAGCAGTTATACGTACTGAGAGTAAGAAGATCAATTACGAAAGTAGCTTTACTCAAACCTGACCCCACGAAAGCTAAGGCA,Eukaryota,Chordata,Actinopteri,unk_order,Moronidae,Morone,Morone saxatilis,100,1,0,0,0,0,0,0,0,0,1915
MiFishU,ESV_011690,CACCGCGGTTATACGAGGGGCTCAAATTGATATTACACGGCGTAAAGCGTGATTAAAAAATAAACAAACTAAAGCCAAACACTTCCCAAGCTGTCATACGCTACCGGACAAAACGAAGCCCTATAACGAAAGTAGCTTTAACATCTTTGAACTCACGACAGTTGAGGAA,Eukaryota,Chordata,Actinopteri,Anguilliformes,Anguillidae,Anguilla,Anguilla rostrata,100,1,0,0,0,0,0,719,1139,0,0
MiFishU,ESV_016431,CACCGCGGTTAAACGAGAGGCCCTAGTTAATGATACAACGGCGTAAAGGGTGGTTAAGGAAAGCAATATAATAAAGTCAAATGGCCCTTTGGCTGTCATACGCTTCTAGGTGTCCGAAGCCCAACATACGAAAGTAGCTTTAGAAAAGCCCACCTGATCCCACGAAAGCTGAGAAA,Eukaryota,Chordata,Actinopteri,Cypriniformes,Leuciscidae,Chrosomus,Chrosomus neogaeus,99.4,1,1454,0,0,0,0,0,119,0,0
MiFishU,ESV_010000,CACCGCGGTTATACGAGAGACCCTAGTTGATAAGCATCGGCGTAAAGAGTGGTTAAGAAAATAATTTAATAAAGCCGAACACCTCCTCAGTTGTTATACACATTTGAAGACCTGAAGCCCCCTTGCGAAAGCAGCTTTAAATATTCTGAACCCACGACAACTATGACA,Eukaryota,Chordata,Actinopteri,Esociformes,Esocidae,Esox,,100,2,0,0,0,0,0,0,1413,0,0
MiFishU,ESV_067826,CACCGCGGTTAAACGAGAGGCCCCAGTTAATAATACACGGCGTAAAGGGTGGTTAAGGAAGGCATGGTAATAAAGCCGAATGGCCCTTTGGCTGTCATACGCTTCTAGGTGTCCGAAGCCCAACATACGAAAGTAACTTTAGTAAAACCCACCTGACCCCACGAAAGCTGAGAAA,Eukaryota,Chordata,Actinopteri,Cypriniformes,Leuciscidae,Notemigonus,Notemigonus crysoleucas,99.4,1,0,0,0,0,0,275,0,898,0
MiFishU,ESV_009607,CACCGCGGTTATACGAGAGGCCCAAGTTGACAAACCCCGGCGTAAAGAGTGGTTAAGGAAAATTTAAAACTAAAGCCGAATGCCCCCAAAGCTGTTATACGCACCCGAGGGTAAGAAGCCCAATCACGAAAGTGGCTTTACACTACCTGAACCCACGAAAGCTATGAAA,Eukaryota,Chordata,Actinopteri,Centrarchiformes,Centrarchidae,Micropterus,,100,3,82,0,0,0,0,0,599,0,382
MiFishU,ESV_009610,CACCGCGGTTATACGAGAGGCCCAAGTTGACAAACCCCGGCGTAAAGAGTGGTTAAGAAAAATTTAAAACTAAAGCCGAATGCCCTCAAAGCTGTTATACGCACCCGAAGGTAAGAAGCCCAATCACGAAAGTGGCTTTACATTTCCCGAACCCACGAAAGCTATGAAA,Eukaryota,Chordata,Actinopteri,Centrarchiformes,Centrarchidae,Micropterus,,100,2,0,450,0,0,0,582,0,0,0
MiFishU,ESV_013409,CACCGCGGTTAAACGAGAGGCCCTAGTTGATAGTACAACGGCGTAAAGGGTGGTTAAGGGTGAACAAAATAAAGCCGAATGGCCCTTTAGCTGTCATACGCTTCTAGGTGCCTGAAGCCCAACATACGAAAGTCGCTTTAAAGTAGCCTACCTGATCCCACGAAAACTGAGAAA,Eukaryota,Chordata,Actinopteri,Cypriniformes,Leuciscidae,Semotilus,Semotilus atromaculatus,99.4,1,909,0,0,0,0,0,0,0,0
MiFishU,ESV_070139,CACCGCGGTTATACGAGAGGCCCAAATTGATGAAAAACGGCGTAAAGCGTGGTTAAGAAAATAGGAGAAAATATGGCCGAACAGCTTCAAAGCAGTTATACGCATTCGAAGCCACGAAGAACAACCACGAAAGTTGCCCTAAGACCTCTGATTCCACGAAAGCCATAAAA,Eukaryota,Chordata,Actinopteri,Gadiformes,Gadidae,Microgadus,Microgadus tomcod,100,1,0,0,0,0,0,0,0,0,686
MiFishU,ESV_000114,CACCGCGGTTATACGAAAGGCCCTAGTTGCTAGCCACGGCGTAAAGGGTGGTTAAGGACAACAACAAATAAAGCTAAAGATCCCCTAAGCCGTCATACGCATTCCGGGGGCACGAAGCCCTAACACGAAAGTAGCTTTAAAAAATATACCTGACCCCACGAAAGCTAAGAAA,Eukaryota,Chordata,Actinopteri,Siluriformes,Ictaluridae,Ameiurus,,100,2,46,47,0,473,0,42,0,52,0
MiFishU,ESV_091510,CACCGCGGTTATACGAGAGGCCCAAGTTGATGAACATCGGCGTAAAGAGTGGTTAAGCTAAAATTAAAACTAAAGCCGAACATCCCCAAAGCTGTTATACGCACCCGGGGGTAAGAAGTTCAACCACGAAGGTGGCTTTATTAAACCTGAACCCACGAAAGCTACGGCA,Eukaryota,Chordata,Actinopteri,Perciformes,Gasterosteidae,Pungitius,,99.4,7,633,0,0,0,0,0,0,0,0
MiFishU,ESV_013028,CACCGCGGTTAAACGAGGGGCCCTAGTTGATAGTACAACGGCGTAAAGGGTGGTTAAGGATAGTAAAACAATAAAGTCGAATGGCCCTTTGGCTGTCATACGCTTCTAGGAGTCCGAAGCCCAATATACGAAAGTAACTTTAACAAAGCCCACCTGACCCCACGAAAACTGAGAAA,Eukaryota,Chordata,Actinopteri,Cypriniformes,Leuciscidae,Luxilus,,99.4,3,601,0,0,0,0,0,0,0,0
MiFishU,ESV_009627,CACCGCGGTTATACGAGAGGCCCAAGTTGATTGACATCGGCGTAAAGCGTGGTTAAGGCCAAAAATGAAACTAAAGCCGAACACCTTCAGAGCTGTTATACGCATCCGAAGGCAAGAAGTTCAACCACGAAGGTGGCTTTATAACCCCTGAACCCACGAAAGCTAAGATA,Eukaryota,Chordata,Actinopteri,Perciformes,Percidae,Perca,Perca flavescens,100,1,0,0,0,0,0,0,288,308,0
MiFishU,ESV_026893,CACCGCGGTTAAACGAGAGGCCCTAGTTAATGATACAACGGCATAAAGGGTGGTTAAGGAAAGCAATATAATAAAGTCAAATGGCCCTTTGGCTGTCATACGCTTCTAGGTGTCCGAAGCCCAACATACGAAAGTAGCTTTAGAAAAGCCCACCTGATCCCACGAAAGCTGAGAAA,Eukaryota,Chordata,Actinopteri,Cypriniformes,Leuciscidae,Chrosomus,Chrosomus neogaeus,100,1,0,0,0,462,0,0,0,0,0
MiFishU,ESV_015670,CACCGCGGTTATACGAGGGGCTCAAATTGATATTACACGGCGTAAGGCGTGATTAAAAAATAAACAAACTAAAGCCAAACACTTCCCAAGCTGTCATACGCTACCGGACAAAACGAAGCCCTATAACGAAAGTAGCTTTAACACCTTTGAACTCACGACAGTTGAGGAA,Eukaryota,Chordata,Actinopteri,Anguilliformes,Anguillidae,Anguilla,Anguilla rostrata,99.4,1,0,0,0,0,426,0,0,0,0
MiFishU,ESV_000872,CACCGCGGTTATACGAGAGGCCCAAGTTGATTGCCAACGGCGTAAAGGGTGGTTAGGGAAGCAAGATAAATAAAGTCGAACGCCCTCAAGGCCGTCATACGCTTCCGAGGGTAAGAAGCCCTACTACGAAAGTGACTTTAGATAACCTGACCCCACGAAAGCTGCGAAA,Eukaryota,Chordata,Actinopteri,Atheriniformes,Atherinopsidae,Menidia,Menidia menidia,100,1,0,0,0,0,0,0,0,0,415
MiFishU,ESV_003496,CACCGCGGTTAAACGAGAGGCCCTAGTTGATAGTACAACGGCGTAAAGGGTGGTTAAGGATACTAAAATAATAAAGTCGAATGGCCCTTTGGCTGTCATACGCTTCTAGGAGTCCGAAGCCCGATATACGAAAGTAGCTTTAGGAAAGCCCACCTGACCCCACGAAAGCTGAGAAA,Eukaryota,Chordata,Actinopteri,Cypriniformes,Leuciscidae,Rhinichthys,Rhinichthys atratulus,100,1,77,0,0,0,0,0,327,0,0
MiFishU,ESV_170390,CACCGCGGTCATACAAGAGACCCAAATCAACTGTCCCACAAAGCGGCGTAAAGAGTGGTAATAGTACCTATCCTACTTAACTAAGATCAAAATGCAACCAAGCTGTCACAAGCACAAGATGCACCTAAACACACAATCAAGATGATCTTAGGAACTAGCGACTGATTTGAATCCACGAAAGCCAGGGCC,Eukaryota,Chordata,Aves,Anseriformes,Anatidae,Aix,Aix sponsa,99.5,1,0,0,0,0,279,0,0,0,0
MiFishU,ESV_010038,CACCGCGGTCATACGATTAACCCAAATTAATAGGCATACGGCGTAAAACGTGTTAAAGCACTACATTAAATAAAGTTAAATTTCAATTAAACTGTAAAAAGTCATAATTGCAATGAAAATAGATAACGAAAGTAACTTTACAGCCACTGAAACACGATAGCTAAGACC,Eukaryota,Chordata,Mammalia,Artiodactyla,Cervidae,Alces,Alces alces,100,1,0,0,0,35,243,0,0,0,0
MiFishU,ESV_067664,CACCGCGGTTAAACGAGGGGCCCCAGTTAATAATACACGGCGTAAAGGGTGGTTAAGGAAAGCATGGTAATAAAGCCGAATGGCCCTTTGGCTGTCATACGCTTCTAGGTGTCCGAAGCCCAACATACGAAAGTAACTTTAGTAAAACCCACCTGACCCCACGAAAGCTGAGAAA,Eukaryota,Chordata,Actinopteri,Cypriniformes,Leuciscidae,Notemigonus,Notemigonus crysoleucas,99.4,1,0,0,0,0,0,0,276,0,0
MiFishU,ESV_140330,CACCGCGGTTATACGAGGGGCTCAAGTTGACAACCCCCGGCGTAAAGAGTGGTTAAGGAAGACTAGATACTAAAGCCGAATGCTTTCAAAGCTGTTATACGCTCCCGGAGTTAAGAAGACCAATTACGAAAGTGGCTTTACAATCCCCTGACCCCACGAAAGCTATGGCA,Eukaryota,Chordata,Actinopteri,Centrarchiformes,Centrarchidae,Lepomis,Lepomis auritus,98.2,1,150,0,0,66,0,0,53,0,0
MiFishU,ESV_011962,CACCGCGGTTAAACGAGAGGCCCTAGTTGATAATACAACGGCGTAAAGGGTGGTTAAGGATAGTAAAACAATAAAGTCGAATGGCCCTTTGGCTGTCATACGCTTCTAGGAGTCCGAAGCCCAATATACGAAAGTAACTTTAACAAAGCCCACCTGACCCCACGAAAACTGAGAAA,Eukaryota,Chordata,Actinopteri,Cypriniformes,Leuciscidae,Luxilus,,99.4,4,0,0,0,0,0,0,262,0,0
MiFishU,ESV_170392,CACCGCGGTTAAACGAGAGGCCCTAGTTAATGATACAACGGCGTAAAGGGTGGTTAAGGGAAGCAATATAATAAAGTCAAATGGCCCTTTGGCTGTCATACGCTTCTAGGTGTCCGAAGCCCAACATACGAAAGTAGCTTTAGAAAAGCCCACCTGATCCCACGAAAGCTGAGAAA,Eukaryota,Chordata,Actinopteri,Cypriniformes,Leuciscidae,Chrosomus,Chrosomus neogaeus,98.9,1,0,0,0,234,0,0,0,0,0
MiFishU,ESV_069063,CACCGCGGTTATACGAGAGGCTCAAATTGATGAAAAACGGCGTAAAGCGTGGTTAAGAAAACAAGAGAAAATATGGCCGAACAGCTTCAAAGCAGTTATACGCATCCGAAGTCACGAAGAACAATCACGAAAGTTGCCTTAAAACCTCTGATTCCACGAAAGCCATAAAA,Eukaryota,Chordata,Actinopteri,Gadiformes,Gadidae,,,100,2,0,0,0,0,0,0,233,0,0
MiFishU,ESV_009950,CACCGCGGTTATACGAAAGACTCTAATTAATATTAGCGGCCCAAAGAGTAGTTAAAGAAAATAATAAATAAAATTAAAATATTGCTTGGCCGTTATACGCATAAACAAATAATAAATTCATAAACTAAAGTTATTTTAATATCCTTGAATCCACCACAATTGAGAAA,Eukaryota,Chordata,Amphibia,Caudata,Plethodontidae,Eurycea,Eurycea bislineata,100,1,0,0,0,0,0,0,26,201,0
MiFishU,ESV_162708,CACCGCGGTTAAACGAGAGGCCCTAGTTGACAGTACAACGGCGTAAAGGGTGGTTAAGGATAGTATAATAATAAAGTCGAATGGCCCTTTGGCTGTCATACGCTTCTAGGAGCCCGAAGCCCACTATACGAAAGTAACTTTAAAAAGGCCCACCTGACCCCACGAAAACTGAGGAA,Eukaryota,Chordata,Actinopteri,Cypriniformes,Leuciscidae,,,97.2,3,0,208,0,0,0,0,0,0,0
MiFishU,ESV_170473,CACCGCGGTTATACGAGGAGCTCAAATTGATATTACACGGCGTAAAGCGTGATTAAAAAATAAACAAACTAAAGCCAAACACTTCCCAAGCTGTCATACGCTACCGGACAAAACGAAGCCCTATAACGAAAGTAGCTTTAACATCTTTGAACTCACGACAGTTGAGGAA,Eukaryota,Chordata,Actinopteri,Anguilliformes,Anguillidae,Anguilla,Anguilla rostrata,99.4,1,0,0,0,0,0,0,175,0,0
MiFishU,ESV_023626,CACCGCGGTTATACGAGAGGCCCAAGTTGACAAACACCGGCGTAAAGCGTGGTTAAGTAAAAACTCACACTAAAGCCAAACATCTTCCAGGCTGTTATACGCAACCGAAGACAGGAAGTTCAACCACGAAAGTGGCTTTATCTAATCTGAACCCACGAAAGCTAAGGAA,Eukaryota,Chordata,Actinopteri,Perciformes,Cottidae,Myoxocephalus,Myoxocephalus aenaeus,100,1,0,0,0,0,0,0,0,0,169
MiFishU,ESV_010037,CACCGCGGTCATACGATAGACCCAAACTAATAAACCCCGGCGTAAAGCGTGTTTAAGAATATCCACCCTCAATAAGGATAAACTTGACCTAAGCTGTAAAAAGCTATAGTTGAAGAAAAAATAACCCACGAAAGTGATCTTAAAATAAATCTGATAACACGACAGCTAAGGCC,Eukaryota,Chordata,Mammalia,Rodentia,Castoridae,Castor,Castor canadensis,99.4,1,17,0,0,0,146,0,0,0,0
MiFishU,ESV_012949,CACCGCGGTTAAACGAGAGGCCCTAGTTGACAGTACAACGGCGTAAAGGGTGGTTAAGGATAGTATAATAATAAAGTCGAATGGCCCTTTGGCTGTCATACGCTTCTAGGAGTCCGAAGCCCACTATACGAAAGTAACTTTAAAAAGGCCCACCTGACCCCACGAAAACTGAGGAA,Eukaryota,Chordata,Actinopteri,Cypriniformes,Leuciscidae,,,97.7,3,0,160,0,0,0,0,0,0,0
MiFishU,ESV_011188,CACCGCGGTTATACGAGAGGCCCCAGTTGATAAACACGGCGTAAAGGGTGGTTAAGGGAGCATAAGAATAAAGCCGAAGGGCCCTTTGGCCGTTATACGCTTCTAGGTGTCCGAAGCCCAAACACGAAAGTAGCTTTAGTTAAGCCCACCTGACTCCACGAAAACTGAGAAA,Eukaryota,Chordata,Actinopteri,Cypriniformes,Catostomidae,Ictiobus,,100,3,0,0,0,0,0,0,136,0,0
MiFishU,ESV_008291,CACCGCGGTTATACGATAGGCCCAAGTTGACAGACCCCGGCGTAAAGCGTGGTTAGGGAAAATTTAAAACTAAAGCCGAACACCTTCAGGGCAGTCATACGCTTCCGAAGGCACGAAGCCCCTCCACGAAAGTGGCTTTACTACCCCCGACCCCACGAAAGCTAGGACA,Eukaryota,Chordata,Actinopteri,Scombriformes,Scombridae,Scomber,Scomber scombrus,100,1,0,0,0,0,0,0,136,0,0
MiFishU,ESV_019471,CACCGCGGTTATACGAGAGGCCCAAGTTGACAAACAACGGCGTAAAGAGTGGTTAGGGAATTTACTAAACTAGAGCCGAACGCTCTCAAAGCTGTTATACGCACCCGAGAGTATGAAACCCAATTACGAAAGTAGCTCTACCTATCCTGAACCCACGAAAGCTAAGGAA,Eukaryota,Chordata,Actinopteri,Pleuronectiformes,Pleuronectidae,Pseudopleuronectes,,100,2,0,0,0,0,0,0,0,0,123
MiFishU,ESV_170273,GCCAGGTAGATTTGCAGTCGGCAGCGTTTCTAATCGAATGGCGGCGATGCCTTTGTCTGCAGTCTTCGCTGCATCGATCGGTAGCTCTACCGTATAGACATCTTTCTCAGCCGCCGTCGCGACAAGTACTGTGCCATCGTCCTTGACGCTCGCTTCGCCACCTGACGTTCGAGACACCGTGGCCGGTTTCATTCCCGAC,,,,,,,,,,0,0,0,0,0,0,0,117,0
MiFishU,ESV_169668,CACCGCGGTTAAACGAGAGGCCCTAGTTGATAGTACAACGGCGTAAAGGGTGGTTAAGGGTGAACAAAATAAAGCCGAATGGCCCTTTGGCTGTCATACGCTTCTAGGTGCCTGAAGCCCAAACACGAAAGTAGCTTTAATTTAGCCCACCTGACCCCACGAAAACTGAGAAA,Eukaryota,Chordata,Actinopteri,Cypriniformes,Leuciscidae,Semotilus,Semotilus atromaculatus,96.6,1,112,0,0,0,0,0,0,0,0
MiFishU,ESV_019399,CACCGCGGTTATACGAGAGGCCCTAGTTGATAACTACCGGCGTAAAGAGTGGTTACGGAAAAATATTTAATAAAGCCGAACACCCCCTCAGCCGTCATACGCACCTGGGGACACGAAGACCTACTACGAAAGCAGCTTTAATTGTACCTGAACCCACGACAGCTACGACA,Eukaryota,Chordata,Actinopteri,Salmoniformes,Salmonidae,Salmo,Salmo salar,100,1,0,0,0,0,0,0,110,0,0
MiFishU,ESV_023676,CACCGCGGTTATACGAGAGGCCCAAGTTGACAAACACCGGCGTAAAGCGTGGTTAAGTAAAAACTCACACTAAAGCCAAACATCTTCCAGGCTGTTATACGCAACCGAAGACAGGAAGTTCAACCACGAAAGTGGCTTTATCTAATCTGAGCCCACGAAAGCTAAGGAA,Eukaryota,Chordata,Actinopteri,Perciformes,Cottidae,,,99.4,4,0,0,0,0,0,0,0,0,99
MiFishU,ESV_137298,CACCGCGGTTAAACGAGAGGCTCAAGTTGATAGCCTTCGGCGTAAAGAGTGGTTAAGGGGAAACTAAACTAGAGTCGAATTTTCTCATGGCTGTTATACGCACCCGAGAACATGAAGCCCAAGCACGAAAGTAACTTTAAATATCCTGACCCCACGAAAGCTACAGCA,Eukaryota,Chordata,Actinopteri,Cyprinodontiformes,Fundulidae,Fundulus,Fundulus heteroclitus,97,1,0,0,0,0,0,97,0,0,0
MiFishU,ESV_011631,CACCGCGGTTATACGAGGAGCTCAAGCTGATATCTCCGGCACAAAGCGTGATTAAAATATTTAGCTTAATTAATACTATAGAAGCCATCATGCCTGCTAGTTAAATAGGTATGCCTAAGTATCCCAACATCGAAAGAATCTATATTAATAAGCTCACTTTGATATCACGAAAGCAAAACTCA,Eukaryota,Chordata,Hyperoartia,Petromyzontiformes,Petromyzontidae,Petromyzon,Petromyzon marinus,100,1,96,0,0,0,0,0,0,0,0
MiFishU,ESV_170458,CACCGCGGTTAAACGAGAGGCCCTAGTTAATGATACAACGGCGTAAAGGGTGGTTAAGGAAAGCAATGTAATAAAGTCAAATGGCCCTTTGGCTGTCATACGCTTCTAGGTGTCCGAAGCCCAACATACGAAAGTAGCTTTAGAAAAGCCCACCTGATCCCACAAAAGCTGAGAAA,Eukaryota,Chordata,Actinopteri,Cypriniformes,Leuciscidae,Chrosomus,Chrosomus neogaeus,98.3,1,90,0,0,0,0,0,0,0,0
MiFishU,ESV_009176,CACCGCGGTTAAACGGGAGGCTCAAGTTGATAGACATCGGCGTAAAGCGTGGTTAGGGGCCCAACTTTAACACTAAAGCCGAACGCTCTTAGAACAGTTATACGTACTGAGAGTAAGAAGATCAATTACGAAAGTAGCTTTATTCAAACCTGACTCCACGAAAGCTAAGGCA,Eukaryota,Chordata,Actinopteri,unk_order,Moronidae,Morone,Morone americana,100,1,0,0,0,0,0,0,0,0,88
MiFishU,ESV_139973,CACCGCGGTTAAACGAGAGGCCCTAGTTGATAGTACAACGGCGTAAAGGGTGGTTAAGGAAAGCAATATAATAAAGTCAAATGGCCCTTTGGCTGTCATACGCTTCTAGGTGTCCGAAGCCCAACATACGAAAGTAGCTTTAGAAAAGCCCACCTGATCCCACGAAAGCTGAGAAA,Eukaryota,Chordata,Actinopteri,Cypriniformes,Leuciscidae,,,97.7,4,0,0,0,86,0,0,0,0,0
MiFishU,ESV_067115,CACCGCGGTTAAACGAGAGGCCCTAGTTGATAGTACAACGGCGTAAAGGGTGGTTAAGGGTGAACAAAATAAAGCCGAATGGCCCTTTGGCTGTCATACGCTTCTAGGTGCCTGAAGCCCAACATACGAAAGTCGCTTTAATTTAGCCCACCTGACCCCACGAAAACTGAGAAA,Eukaryota,Chordata,Actinopteri,Cypriniformes,Leuciscidae,Semotilus,Semotilus atromaculatus,98.3,1,74,0,0,0,0,0,0,0,0
MiFishU,ESV_137285,CACCGCGGTTATACGAGAGGCCCAAGTTGATGAACATCGGCGTAAAGAGTGGTTAAGCTAAAATGAAACTAAAGCCGAACGCTTCCAAAGCTGTTATACGCATCCGGAAGTAAGAAGCCCAACCACGAAGGTGGCTTTATCTAACCTGAACCCACGAAAGCTGTGAAA,Eukaryota,Chordata,Actinopteri,Perciformes,Gasterosteidae,Apeltes,Apeltes quadracus,97,1,0,0,0,0,0,73,0,0,0
MiFishU,ESV_000839,CACCGCGGTCATACGATTAACCCAAATTAATAGATCCACGGCGTAAAGAGTGTTTAAGAAAAAAAATCACAATAGAGTTAAATTATAACTAAGCTGTAAAAAGCCCTAGTTAAAATAAAATAACCCACGAAAGTGACTCTAATAATCCTGACACACGATAGCTAGGACC,Eukaryota,Chordata,Mammalia,Artiodactyla,Suidae,Sus,Sus scrofa,100,1,0,0,71,0,0,0,0,0,0
MiFishU,ESV_010767,CACCGCGGTTAAACGAGAGGCCCTAGTTGATAGTACAACGGCGTAAAGGGTGGTTAAGGGTGAACAAAATAAAGCCGAAGGGCCCTCTGGCCGTTATACGCTTCTAGGCGCCCGAAGCCCAAACACGAAAGTAGCTTTAATTTAGCCCACCTGACCCCACGAAAACTGAGAAA,Eukaryota,Chordata,Actinopteri,Cypriniformes,Catostomidae,Catostomus,Catostomus commersonii,95.4,1,0,0,0,0,0,0,62,0,0
MiFishU,ESV_022649,CACCGCGGTTATACGAGGGGCTCAAGTTGACAACCCCCGGCGTAAAGAGTGGTTAAGGAAGACTAGATACTAAAGCCGAATGCTTTCAAAGCTGTTATACGCTCCCGAGAGTAAGAAGACCAATTACGAAAGTGGCTTTACAATCCCCTGACCCCACGAAAACTGAGAAA,Eukaryota,Chordata,Actinopteri,Centrarchiformes,Centrarchidae,Lepomis,Lepomis auritus,97.1,1,32,0,0,0,0,0,29,0,0
MiFishU,ESV_018502,CACCGCGGTTATACGAGAGGCTCAAGTTGATAAACCCCGGCGTAAAGAGTGGTTAAGGAAGATTAAAAACTAAAGCCGAATGCTTTCAAAGCTGTTATACGCTTCCGAGAGTAAGAAGATCAACTACGAAAGTGACTTTATAGCCCCTGACCCCACGAAAGCTGAGAAA,Eukaryota,Chordata,Actinopteri,Centrarchiformes,Centrarchidae,Lepomis,,97.6,3,0,60,0,0,0,0,0,0,0
MiFishU,ESV_170391,CACCGCGGTTATACGAGGGGCTCAAGTTGACAACCCCCGGCGTAAAGAGTGGTTAAGGAAGACTAGATACTAAAGCCGAATGCTTTCAAAGCTGTTATACGCACCCGGGGATAAGAAGTTCAACCACGAAGGTGGCTTTATTAAACCTGAACCCACGAAAGCTACGGCA,Eukaryota,Chordata,Actinopteri,Centrarchiformes,Centrarchidae,Lepomis,Lepomis auritus,90.6,1,0,0,0,47,0,0,0,0,0
MiFishU,ESV_000095,CACCGCGGTTACACAAGAAGCCCAAACTAACAGACAACCGGCGTAAAATGTGATTAAAACTTTTTAACCCATAAAATTAAGGTGGACTACTTACTCGGCTGTCATACGCAAAAGTATACATTAACACACTATGAAAATAACCTTAATACAAAGGAATTATTTGAACCCACGATCGCTAAGACA,Eukaryota,Chordata,unk_class,Testudines,Emydidae,Chrysemys,Chrysemys picta,100,1,0,0,0,0,0,0,45,0,0
MiFishU,ESV_141350,CACCGCGGTTAGACGAGAGGCCCAAGTTGATAGTACGCGGCGTAAAGGGTGGTTAAGGGTTGTAAACAATAAAGCCGAATGGCCCTTTGGCTGTTAAACGCTTCTGGGTGCCTGAAGCCCAACATACGAAAGTAGCTTTAAAATAGTTCACCTGACCCCACGAAAGCTAAGGCA,Eukaryota,Chordata,Actinopteri,Cypriniformes,Leuciscidae,Semotilus,Semotilus corporalis,97.7,1,0,0,0,0,0,0,45,0,0
MiFishU,ESV_098644,CACCGCGGTTATACAAAAGACTCTAATTAATATTAGCGGCCCAAAGAGTAGTTAAAGAAAATAATAAATAAAATTAAAATATTGCTTGGCCGTTATACGCATAAACAAATAATAAATTCATAAACTAAAGTTATTTTAATATCCTTGAATCCACCACAATTGAGAAA,Eukaryota,Chordata,Amphibia,Caudata,Plethodontidae,Eurycea,Eurycea bislineata,99.4,1,0,0,0,0,0,0,0,41,0
MiFishU,ESV_019400,CACCGCGGTTATACGAGTGGCCCAAGTTGAAAGTTACCGGCGTAAAGAGTGGTTAGGGAAATAATAAACTAAAGCCGAACACCCTCTAGGCTGTTATACGCTTCTGACGGCACGAAGCCCCACTACGAAAGTGGCTTTAATACACCTGAACCCACGACAACTAAGACA,Eukaryota,Chordata,Actinopteri,Osmeriformes,Osmeridae,Osmerus,Osmerus mordax,100,1,0,0,0,0,0,0,0,41,0
MiFishU,ESV_000989,CACCGCGGTCATACGATTAACCCAAATTAATAGATCCACGGCGTAAAGAGTGTTTAAGAAAAAAAAACCACAATAGAGTTAAATTATAACTAAGCTGTAAAAAGCCCTAGTTAAAATAAAATAACCCACGAAAGTGACTCTAATAATCCTGACACACGATAGCTAGGACC,Eukaryota,Chordata,Mammalia,Artiodactyla,Suidae,Sus,Sus scrofa,100,1,0,22,0,16,0,0,0,0,0
MiFishU,ESV_129621,CACCGCGGTTAAACGAGAGGCCCCAGTTAATAATACACGGCGTAAAGGGTGGTTAAGGAAAGCATGGTAATAAAGCCGAATGGCCCTTTGGCTGTCATACGCTTCTAGGTGTCCGAAGCCCAACATACGAAAGTAACTTTAGTAAAACCCACCTGACCCCACGAAAGCTAAGGCA,Eukaryota,Chordata,Actinopteri,Cypriniformes,Leuciscidae,Notemigonus,Notemigonus crysoleucas,98.3,1,0,0,0,0,0,0,0,34,0
MiFishU,ESV_067803,CACCGCGGTTAGACGAGAGGCCCAAGTTGATAGTACGCGGCGTAAAGGGTGGTTAAGGGTTGTAAACAATAAAGCCGAATGGCCCTTTGGCTGTTAAACGCTTCTGGGTGCCTGAAGCCCAACATACGAAAGTAGCTTTAAAATAGTTCACCTGACCCCACGAAAGCTATGGCA,Eukaryota,Chordata,Actinopteri,Cypriniformes,Leuciscidae,Semotilus,Semotilus corporalis,97.1,1,0,0,0,0,0,0,27,0,0
MiFishU,ESV_135456,CACCGCGGTTATACGAGGGGCTCAAATTGATATTACACGGCGTAAAGCGTGATTAAAAAATAAACAAACTAAAGCCAAACACTTCCCAAGCTGTCATACGCTACCGGACAAAACGAAGCCCTATAACGAAAGTAGCTTTAACACCTTTGAACTCACGACAGCTGGGACA,Eukaryota,Chordata,Actinopteri,Anguilliformes,Anguillidae,Anguilla,Anguilla rostrata,97.6,1,0,0,0,0,0,0,0,0,25
MiFishU,ESV_170294,CACCGCGGTTATACGAGAGGCCCAAGTTGACAAACCCCGGCGTAAAGAGTGGTTAAGAAAAATTTAAAACTAAAGCCGAATGCCCTCAAAGCTGTTATACGCACCCGAAGGTAAGAAGCCCAATCACGAAAGTGGCTTTACATTTCCCGAACCCACGAAAGCTACAGCA,Eukaryota,Chordata,Actinopteri,Centrarchiformes,Centrarchidae,Micropterus,,97.6,2,0,0,0,0,0,25,0,0,0
MiFishU,ESV_009694,CACCGCGGTCATACGATTAACCCAAACTAATTATTCTCGGCGTAAAACGTGTTACTAGGAAACCAAAAATAGAATTAAAAACCATCCAATATGTGAAAATTCATCGCTGGACCTAAAACCAATGACGAAAGTAATTCTAGAATTCTTGACACACGATAGCTAAGATC,Eukaryota,Chordata,Mammalia,Rodentia,Cricetidae,Ondatra,Ondatra zibethicus,100,1,0,0,0,0,0,0,0,24,0
MiFishU,ESV_170428,ATCGTTGTAATAAAACTCGCGGTGTACAGCAATTCCTTGGGTGCCCAATAGATTGGCTAGGGCATCACCGAGTACCGCCTGGCGGCCATGTCCAACATGAAGTGGTCCGGTTGGGTTTGCAGATACAAACTCAATCATGGCACTGGGAACTACGCCGCTACCTTGCGGCAACACGC,,,,,,,,,,0,23,0,0,0,0,0,0,0
MiFishU,ESV_015357,CACCGCGGTTATACGAGAGGCCCAAGCTGACAGAAGCCGGCGTAAAGAGTGGTTAGGCAGTCCTAAAACTAAAGCCAAACATTTTCCAAGCTGTTATACGCATCCGAAACTATGAAAATCTTCTACGAAAGTGGCTTTATTATCCTGACTCCACGAAAGTTATGAAA,Eukaryota,Chordata,Actinopteri,Syngnathiformes,Syngnathidae,Syngnathus,Syngnathus fuscus,100,1,0,0,0,0,0,0,0,0,23
MiFishU,ESV_170401,GTCGAGGCCAGCGTGGTGGTGAACACGCCCTGCGCATTGGTGACGCCGGAGATCGTGCCGAACGTGTTGTCGGAGCCGCCGCCCGACAGCGTCACCGCCGAACCCGCAACCGCATTGCCCTGGGCGTCCTCCACCGTCACCGTCAGCGTCGTGGTCGAG,,,,,,,,,,0,0,23,0,0,0,0,0,0
MiFishU,ESV_170295,CACCGCGGTTAAACGAGAGGCCCTAGTTGACAATACAACGGCGTAAAGGGCGGTTAAGGATTATATAATAATAAAGTCGAATGGCCCTTTGGCTGTCATACGCTTCTAGGAGTCCGAAGCCCACTATACGAAAGTAACTTTAAGAAAGCCCACCTGACCCCACGAAAACTGAGAAA,Eukaryota,Chordata,Actinopteri,Cypriniformes,Leuciscidae,Hybognathus,Hybognathus regius,98.9,1,0,0,0,0,0,18,0,0,0
MiFishU,ESV_129478,CACCGCGGTTAAACGAGAGGCTCAAGTTGATAGCCTTCGGCGTAAAGAGTGGTTAAGGGGAAACTAAACTAGAGTCGAATTTTCTCATGGCTGTTATACGCACCCGAGAACATGAAGCCCAAGCACGAAAGTAACTTTAAATATCCTGACCCCACGAAAGCTAAGGCA,Eukaryota,Chordata,Actinopteri,Cyprinodontiformes,Fundulidae,Fundulus,Fundulus heteroclitus,97.6,1,0,0,0,0,0,0,0,18,0
MiFishU,ESV_170475,CACCGCGGTTAAACGAGAGGCCCTAGTTGATAGTACAACGGCGTAAAGGGTGGTTAAGGGTGAACAAAATAAAGCCGAATGGCCCTTTGGCTGTCATACGCTTCTAGGTGCCTGAAGCCCAACATACGAAAGTCGCTTTAAAGTAGCCTACCTGATCCCACGAAAGCTAAGGCA,Eukaryota,Chordata,Actinopteri,Cypriniformes,Leuciscidae,Semotilus,Semotilus atromaculatus,97.7,1,0,0,16,0,0,0,0,0,0
MiFishU,ESV_146137,CACCGCGGTTATACGAGAGGCCCAAGTTGATGAACATCGGCGTAAAGAGTGGTTAAGCTAAAATGAAACTAAAGCCGAACGCTTCCAAAGCTGTTATACGCATCCGGAAGTAAGAAGCCCAACCACGAAGGTGGCTTTATCTAACCTGACCCCACGAAAGCTGTGAAA,Eukaryota,Chordata,Actinopteri,Perciformes,Gasterosteidae,Apeltes,Apeltes quadracus,96.4,1,0,0,0,0,0,16,0,0,0
MiFishU,ESV_170430,TTTTGCAAAAGCAGGCAAAGATAATGCTGCTTTTGCAAAAGTTGGCACGGTTTTGCAGGCCGAGCAAAAGGGGACTGGCCACGCTCTGTTGCAGGCACTATCCAAATTAGATGTTCAGGAGCCAACTTTGGTTCTTTATGGTGACGTTCCCCTTACTAGCAAAAAGACCTTGAG,,,,,,,,,,0,15,0,0,0,0,0,0,0
MiFishU,ESV_009876,CACCGCGGTCATACGATAGACCCAAACTAATAAACCCCGGCGTAAAGCGTGTTTAAGAATATCCACCCTCAATAAGGATAAACTTGACCTAAGCTGTAAAAAGCTATAGTTGAAGAAAAAATAACCCACGAAAGTGATCTTAAAATAAATCTGATAACACGACAGCTAAGACC,Eukaryota,Chordata,Mammalia,Rodentia,Castoridae,Castor,Castor canadensis,100,1,0,0,0,0,0,0,13,0,0
MiFishU,ESV_008300,CACCGCGGTCATACGATTGACCCAAGCTAACAGGAGTACGGCGTAAAGCGTGTTAAAGCATCATACTAAATAGAGTTAAATTTTAATTAAACTGTAAAAAGCCATAATTATAACAAAAATAAATGACGAAAGTAACCCTACAATAGCTGATACACCATAGCTAAGACC,Eukaryota,Chordata,Mammalia,Artiodactyla,Bovidae,Ovis,,100,2,0,0,13,0,0,0,0,0,0
MiFishU,ESV_020920,CACCGCGGTCATACAAGAGACCCAAATCAACTGTCCTACACGAACGGCGTAAAGAGTGGTAAAATGCTTATCCTACCCAACTAAGATCAAAACGCAACTAAGCTGTCGCAAGCACAAGATGCACCTAAACACACCATAAAGATGATCTTAGGGACTAGCGATTGATTTAAACCCACGAAAGCCAGGGCC,Eukaryota,Chordata,Aves,Anseriformes,Anatidae,Bucephala,Bucephala albeola,100,1,0,0,0,0,0,0,0,11,0
MiFishU,ESV_170456,GATTATCCCGAGGCAAAGCACTGACATGATCTCGCAGCCAGTTTAATTTCAAAGTGTTTCCTAAACGGAAATGCACCACTGCGACTTGTTCCAAAGGAATGGCTTGTTGGCTTGCCACTTCCACAATATCCAAAGCAGACAGCCACGGCAGAAAACTCGCAATCCCTCGTGC,,,,,,,,,,10,0,0,0,0,0,0,0,0
MiFishU,ESV_137162,CACCGCGGTCATACGATTAACCCAAACTAATTATTCTCGGCGTAAAACGTGTTACTAGGGGCAAACAAAATAGAATTAAAATCCATCCAATATGTGAAAATTCATCGCTGGGCCTAAAACCAATGACGAAAGTAATTCTAACCAACCTTAATACACGATAGCTAAGATC,Eukaryota,Chordata,Mammalia,Rodentia,Cricetidae,Microtus,Microtus montanus,98.2,1,0,9,0,0,0,0,0,0,0
MiFishU,ESV_170296,AGCTCATTGGATATTTTAGCCGCACGCAGCTGCTGTTCTTCAGCAAGGGCGATGAACTTGCGGGGGTTTTGCGCCCGCCACTTGGCGCGCTTTTCCCCAAACTGGACCACCAATCCCCGCGCCTTAAGATTATTGAGGGCATTATAGT,,,,,,,,,,0,0,0,0,0,9,0,0,0
MiFishU,ESV_074062,CACCGTGGTCATACGATAGACCCAAACTAATAAACCCCGGTGTAAAGCGTGTTTAAGAATTTCTGATCCTCAATAAGAATAAACTTTACCTAGGCTGTAAAAAGCTACAGCTAAAGAAAAAATAACTTACGAAAGTAATCTTAGCAAATCTGATAACACGACAGCTAAGACC,Eukaryota,Chordata,Mammalia,Rodentia,Castoridae,Castor,Castor fiber,91.3,1,0,0,0,0,0,0,9,0,0
MiFishU,ESV_011419,CACCGCGGTTATACGAGAGGCCCAAGTTGACAAACCCCGGCGTAAAGAGTGGTTAAGAAAAATTTAAAACTAAAGCCGAATGCCCTCAAAGCTGTTATACGCACCCGAAGGTAAGAAGCCCAATCACGAAAGTGGCTTTACATTTCCTGAACCCACGAAAGCTATGAAA,Eukaryota,Chordata,Actinopteri,Centrarchiformes,Centrarchidae,Micropterus,Micropterus salmoides,100,1,0,0,0,0,0,0,0,0,8
MiFishU,ESV_135457,CACCGCGGTTATACGAGGGGCTCAAATTGATATTACACGGCGTAAAGCGTGATTAAAAAATAAACAAACTAAAGCCAAACACTTCCCAAGCTGTCATACGCTACCGGACAAAACGAAGCCCTATAACGAAAGTAGCTTTAACACCTTTGAACCCACGACAGCTGGGACA,Eukaryota,Chordata,Actinopteri,Anguilliformes,Anguillidae,Anguilla,Anguilla rostrata,97,1,0,0,0,0,0,0,0,0,7
